"Event ID","행사명","행사 유형","시작일","종료일","개최 도시","세부 장소","영향 권역","Impact level","영향 예상 기간","규모 수치","규모 유형","수요 영향 근거","공식 출처 URL","최종 확인일","정보 상태","원본 조사 탭"
"CON-001","RYEOWOOK'S AGIT CONCERT : DIVE TO BLUE in SEOUL","Concert","2026-07-11","2026-07-12","서울","티켓링크 1975 씨어터","서울","","2026-07-11 ~ 2026-07-12","소극장급 / 공식 좌석 규모 별도 확인 필요","추정/공개 규모","아이돌·솔로 콘서트","","","Past","Concert(Hyoseo)"
"CON-002","U-KNOW PROJECT 26 : SCENE#1 in SEOUL","Concert","2026-07-17","2026-07-19","서울","잠실실내체육관","서울","","2026-07-17 ~ 2026-07-19","대형 실내체육관급 / 공연장 총좌석 약 11,032석","추정/공개 규모","아이돌·솔로 콘서트 / 기존 티켓링크 라이브 아레나에서 장소 변경","","","Past","Concert(Hyoseo)"
"CON-003","2026 SUPER JUNIOR-83z FANCON TOUR [1983]","Concert","2026-07-24","2026-07-26","서울","올림픽공원 올림픽홀","서울","","2026-07-24 ~ 2026-07-26","중형 홀급 / 고정석 약 2,454석·스탠딩 셋업 시 변동","추정/공개 규모","아이돌·팬콘","","","Past","Concert(Hyoseo)"
"CON-004","2026 KIM MYUNG SOO FAN-CON ASIA TOUR [UNCHANGED] IN SEOUL","Concert","2026-07-25","2026-07-26","서울","연세대학교 대강당","서울","","2026-07-25 ~ 2026-07-26","중형 강당급 / 약 1,600석","추정/공개 규모","아이돌·팬콘","","","Past","Concert(Hyoseo)"
"CON-005","2026 인천펜타포트 락 페스티벌","Concert","2026-07-31","2026-08-02","인천","송도달빛축제공원","인천","High Impact","2026-07-31 ~ 2026-08-02","대형 야외 페스티벌 / 국내외 66팀 출연 안내","추정/공개 규모","록 페스티벌","","","Past","Concert(Hyoseo)"
"CON-006","2026-27 aespa LIVE TOUR - SYNK : COMPLæXITY - in SEOUL","Concert","2026-08-07","2026-08-08","서울","고척스카이돔","서울","High Impact","2026-08-07 ~ 2026-08-08","대형 돔급 / 관람석 약 16,601석(공연 셋업별 변동)","추정/공개 규모","아이돌·투어 콘서트","","","Needs verification","Concert(Hyoseo)"
"CON-007","2026 LUN8 FANCON [OFF-ZONE]","Concert","2026-08-08","2026-08-08","서울","YES24 LIVE HALL","서울","","2026-08-08","중소형 라이브홀급 / 좌석 배치별 규모 변동","추정/공개 규모","아이돌·팬콘","","","Needs verification","Concert(Hyoseo)"
"CON-008","Kodaline - Farewell Tour in Seoul","Concert","2026-08-12","2026-08-12","서울","KSPO DOME","서울","High Impact","2026-08-12","대형 아레나급 / KSPO DOME 최대 14,594명(공연 셋업별 변동)","추정/공개 규모","내한공연 / 장소·규모 수정","","","Needs verification","Concert(Hyoseo)"
"CON-009","쏜애플 콘서트 ‘나의 세기’ - 서울","Concert","2026-08-15","2026-08-16","서울","올림픽공원 올림픽홀","서울","","2026-08-15 ~ 2026-08-16","중형 홀급 / 고정석 약 2,454석·스탠딩 셋업 시 변동","추정/공개 규모","국내 밴드 단독공연 / 추가 조사 반영","","","Needs verification","Concert(Hyoseo)"
"CON-010","김종국 30주년 콘서트 〈The Originals〉 - 서울 앵콜","Concert","2026-08-15","2026-08-16","서울","블루스퀘어 우리WON뱅킹홀","서울","","2026-08-15 ~ 2026-08-16","중형 공연장급 / 좌석 배치별 규모 변동","추정/공개 규모","국내 솔로 콘서트 / 추가 조사 반영","","","Needs verification","Concert(Hyoseo)"
"CON-011","Steve Lacy: Oh yeah? Asia Tour in Seoul","Concert","2026-08-19","2026-08-19","서울","올림픽공원 올림픽홀","서울","","2026-08-19","중형 홀급 / 고정석 약 2,454석·스탠딩 셋업 시 변동","추정/공개 규모","첫 단독 내한공연 / 추가 조사 반영","","","Needs verification","Concert(Hyoseo)"
"CON-012","BIGBANG 2026 WORLD TOUR IN GOYANG presented by Coupang Play","Concert","2026-08-21","2026-08-23","고양","고양종합운동장 주경기장","고양","High Impact","2026-08-21 ~ 2026-08-23","스타디움급 / 경기장 약 41,000석(공연 셋업별 변동)","추정/공개 규모","아이돌·월드투어","","","Needs verification","Concert(Hyoseo)"
"CON-013","2026 STAYC FAN CONCERT TOUR [STAY CLOSER] in SEOUL","Concert","2026-08-22","2026-08-23","서울","블루스퀘어 우리WON뱅킹홀","서울","","2026-08-22 ~ 2026-08-23","중형 공연장급 / 좌석 배치별 규모 변동","추정/공개 규모","아이돌·팬콘","","","Needs verification","Concert(Hyoseo)"
"CON-014","2026 KIM JAE JOONG CONCERT [THE WAVE] in Seoul","Concert","2026-08-29","2026-08-30","서울","KBS아레나","서울","","2026-08-29 ~ 2026-08-30","중형 아레나급 / 좌석 배치별 규모 변동","추정/공개 규모","아이돌·콘서트","","","Needs verification","Concert(Hyoseo)"
"CON-015","2026 PLAVE World Tour [KEEP IT MANIC] in Incheon","Concert","2026-09-12","2026-09-13","인천","인천문학경기장 주경기장","인천","High Impact","2026-09-12 ~ 2026-09-13","스타디움급 / 경기장 공시 수용 약 49,084명(공연 셋업별 변동)","추정/공개 규모","아이돌·월드투어","","","Needs verification","Concert(Hyoseo)"
"CON-016","NCT 127 5TH TOUR 'NEO CITY : SEOUL - THE REDLINE'","Concert","2026-09-18","2026-09-20","서울","KSPO DOME","서울","High Impact","2026-09-18 ~ 2026-09-20","대형 아레나급 / 약 14,923석(공연 셋업별 변동)","추정/공개 규모","아이돌·투어 콘서트","","","Needs verification","Concert(Hyoseo)"
"CON-017","2026 서리풀뮤직페스티벌","Concert","2026-09-19","2026-09-20","서울","반포대로 일대","서울","","2026-09-19 ~ 2026-09-20","도심형 축제 / 세부 관람 규모 추후 확인","추정/공개 규모","도심형 음악축제","","","Tentative","Concert(Hyoseo)"
"CON-018","2026 SPO Park Concert","Concert","2026-09-19","2026-09-20","서울","세부 장소 미공개","서울","","2026-09-19 ~ 2026-09-20","세부 규모 추후 확인","추정/공개 규모","서울시향 야외공연 / 연간계획 단계","","","Tentative","Concert(Hyoseo)"
"CON-019","Rachael Yamagata 'Starlit Alchemy Tour' 2026","Concert","2026-09-20","2026-09-20","서울","YES24 원더로크홀","서울","","2026-09-20","중소형 라이브홀급 / 좌석 배치별 규모 변동","추정/공개 규모","내한공연","","","Needs verification","Concert(Hyoseo)"
"CON-020","Silica Gel Asia Tour 〈Syn.THE.Size: Ballad of You〉 in Seoul","Concert","2026-09-26","2026-09-27","서울","KSPO DOME","서울","High Impact","2026-09-26 ~ 2026-09-27","대형 아레나급 / 약 14,000석 내외(공연 셋업별 변동)","추정/공개 규모","국내 밴드 아시아투어 / 추가 조사 반영","","","Needs verification","Concert(Hyoseo)"
"CON-021","Post Malone Presents The BIG Stadium World Tour in Seoul","Concert","2026-10-02","2026-10-02","고양","고양종합운동장 주경기장","고양","High Impact","2026-10-02","스타디움급 / 경기장 약 41,000석(공연 셋업별 변동)","추정/공개 규모","내한공연","","","Needs verification","Concert(Hyoseo)"
"CON-022","2026 Busan International Rock Festival","Concert","2026-10-02","2026-10-04","부산","삼락생태공원","부산","High Impact","2026-10-02 ~ 2026-10-04","대형 야외 페스티벌 / 1차 라인업 23팀 공개","추정/공개 규모","록 페스티벌","","","Needs verification","Concert(Hyoseo)"
"CON-023","LANY: soft world tour in Korea","Concert","2026-10-03","2026-10-03","고양","KINTEX 제2전시장 9홀","고양","","2026-10-03","대형 전시장형 공연장급 / 셋업별 규모 변동","추정/공개 규모","내한공연","","","Needs verification","Concert(Hyoseo)"
"CON-024","IDOL1ST KENTY' ASIA TOUR 2026 in Seoul","Concert","2026-10-03","2026-10-04","서울","올림픽공원 올림픽홀","서울","","2026-10-03 ~ 2026-10-04","중형 홀급 / 고정석 약 2,454석·스탠딩 셋업 시 변동","추정/공개 규모","내한공연","","","Needs verification","Concert(Hyoseo)"
"CON-025","Zara Larsson - Midnight Sun Tour in Korea","Concert","2026-10-04","2026-10-05","서울","명화라이브홀","서울","","2026-10-04 ~ 2026-10-05","중소형 라이브홀급 / 좌석 배치별 규모 변동","추정/공개 규모","첫 단독 내한공연","","","Needs verification","Concert(Hyoseo)"
"CON-026","Charlie Puth - Whatever's Clever! World Tour in Seoul","Concert","2026-10-11","2026-10-11","고양","고양종합운동장 주경기장","고양","High Impact","2026-10-11","스타디움급 / 경기장 약 41,000석(공연 셋업별 변동)","추정/공개 규모","내한공연","","","Needs verification","Concert(Hyoseo)"
"CON-027","Stray Kids World Tour 〈RUN IT SEOUL〉","Concert","2026-08-01","2026-08-02","서울","KSPO DOME","서울","High Impact","2026-08-01 ~ 2026-08-02","대형 아레나급 / KSPO DOME 최대 14,594명(공연 셋업별 변동)","추정/공개 규모","아이돌·월드투어 / 전체 일정 7/25~8/2","","","Past","Concert(Hyoseo)"
"CON-028","Official Hige Dandism Asia Tour in SEOUL","Concert","2026-08-08","2026-08-09","서울","KSPO DOME","서울","High Impact","2026-08-08 ~ 2026-08-09","대형 아레나급 / 약 15,000석 내외(공연 셋업별 변동)","추정/공개 규모","일본 밴드 내한공연","","","Needs verification","Concert(Hyoseo)"
"CON-029","2026 2PM Concert “THE RETURN” in INCHEON","Concert","2026-08-08","2026-08-09","인천","인스파이어 아레나","인천","High Impact","2026-08-08 ~ 2026-08-09","대형 아레나급 / 약 15,000석 내외(공연 셋업별 변동)","추정/공개 규모","아이돌·완전체 단독 콘서트","","","Needs verification","Concert(Hyoseo)"
"CON-030","현대카드 슈퍼콘서트 28 위켄드(The Weeknd)","Concert","2026-10-07","2026-10-08","고양","고양종합운동장 주경기장","고양","High Impact","2026-10-07 ~ 2026-10-08","스타디움급 / 경기장 약 41,000석(공연 셋업별 변동)","추정/공개 규모","내한공연·슈퍼콘서트","","","Needs verification","Concert(Hyoseo)"
"CON-031","Grand Mint Festival 2026","Concert","2026-10-17","2026-10-18","서울","올림픽공원 내 행사장","서울","High Impact","2026-10-17 ~ 2026-10-18","대형 야외 음악 페스티벌 / 세부 수용 규모 미공개","추정/공개 규모","국내 밴드·싱어송라이터 페스티벌","","","Tentative","Concert(Hyoseo)"
"CON-032","주술회전 인 콘서트 월드투어 in SEOUL","Concert","2026-11-07","2026-11-08","서울","경희대학교 평화의전당","서울","","2026-11-07 ~ 2026-11-08","중형 공연장급 / 평화의전당 약 4,000석 내외","추정/공개 규모","애니메이션 라이브 스크린 콘서트","","","Needs verification","Concert(Hyoseo)"
"CON-033","제이슨 므라즈(Jason Mraz) 아시아 투어 2026 - 서울","Concert","2026-11-14","2026-11-14","고양","KINTEX 제1전시장 1홀","고양","","2026-11-14","대형 전시장형 공연장급 / 셋업별 규모 변동","추정/공개 규모","내한공연","","","Needs verification","Concert(Hyoseo)"
"CON-034","2026 5 Seconds Of Summer 내한공연","Concert","2026-11-19","2026-11-19","고양","KINTEX 제1전시장 1홀","고양","","2026-11-19","대형 전시장형 공연장급 / 셋업별 규모 변동","추정/공개 규모","5SOS: EVERYONE'S A STAR! WORLD TOUR in SEOUL","","","Needs verification","Concert(Hyoseo)"
"SPO-001","제60회 대통령배 전국고교야구대회 — 포항","Sports","2026-07-18","2026-07-30","포항","","포항","Medium Impact","2026-07-18 ~ 2026-07-30","48개교","추정/공개 규모","포항 NRN 체크 우선. 포항시 공지와 기사에서 기간·개최지 확인","https://pohang.go.kr/portal/board/post/list.do?bcIdx=100&mid=0201010000&token=1702008163286","","Past","Sports(Jungjae)"
"SPO-002","제54회 봉황대기 전국고교야구대회 — 서울 목동/신월/구의권","Sports","2026-08-06","2026-08-29","서울","","서울","Medium Impact","2026-08-06 ~ 2026-08-29","104~110경기 예상","추정/공개 규모","서울 전체보다 목동권 영향 체크가 더 현실적. 운영자료 기준","https://www.bidpro.co.kr/n0_ipchal/konggo/svc/konggo_view.asp?num=3025754","","Confirmed","Sports(Jungjae)"
"SPO-003","제46회 전국장애인체육대회 — 제주 전역","Sports","2026-09-11","2026-09-16","제주","","제주","","2026-09-11 ~ 2026-09-16","31개 종목","추정/공개 규모","제주 체류형 수요 가능성 높음. 공식 공지 확인","https://kpfd.koreanpc.kr/org/kpfd/notice/20956","","Confirmed","Sports(Jungjae)"
"SPO-004","제107회 전국체육대회 — 제주 전역","Sports","2026-10-16","2026-10-22","제주","","제주","","2026-10-16 ~ 2026-10-22","50개 종목","추정/공개 규모","올해 남은 이벤트 중 호텔 임팩 최상위 후보","https://www.sports.or.kr/sports/bbs/BMSR00017/view.do?boardId=72520&menuNo=200023","","Confirmed","Sports(Jungjae)"
"SPO-005","제34회 백록기 전국고등학교 축구대회 — 제주 서귀포","Sports","2026-07-18","2026-08-01","제주","","제주","","2026-07-18 ~ 2026-08-01","38~40팀","추정/공개 규모","공개 정리자료 기준. 실무 적용 전 최종표 재확인 권장","https://young-soccer.tistory.com/entry/2026-Summer-National-High-School-Soccer-Tournaments","","Past","Sports(Jungjae)"
"SPO-006","제59회 대통령금배 전국고등학교 축구대회 — 충북 제천","Sports","2026-07-14","2026-07-28","","","","","2026-07-14 ~ 2026-07-28","38~40팀","추정/공개 규모","제천은 동시기 타 학생대회도 있어 체류 수요 체크 가치 있음","https://young-soccer.tistory.com/entry/2026-Summer-National-High-School-Soccer-Tournaments","","Past","Sports(Jungjae)"
"SPO-007","2026 추계 전국고등학교 축구대회 — 경남 합천","Sports","2026-07-13","2026-07-27","","","","","2026-07-13 ~ 2026-07-27","38~40팀","추정/공개 규모","합천은 숙박 공급이 크지 않아 민감도 높음","https://young-soccer.tistory.com/entry/2026-Summer-National-High-School-Soccer-Tournaments","","Past","Sports(Jungjae)"
"SPO-008","제63회 청룡기 전국고등학교 축구대회 — 경남 고성","Sports","2026-07-16","2026-07-30","통영","","통영","","2026-07-16 ~ 2026-07-30","38~40팀","추정/공개 규모","고성/통영권 숙박 체크","https://young-soccer.tistory.com/entry/2026-Summer-National-High-School-Soccer-Tournaments","","Past","Sports(Jungjae)"
"SPO-009","하늘내린인제 2026 전국 유소년 농구대회 — 강원 인제","Sports","2026-08-06","2026-08-10","","","","","2026-08-06 ~ 2026-08-10","약 1,200명","추정/공개 규모","유소년+학부모 동반 가능성 높음","https://injesports.co.kr/Home/H50000/H50700/html","","Confirmed","Sports(Jungjae)"
"SPO-010","제59회 문화체육관광부장관기 전국남녀학생종별탁구대회 — 전남 해남","Sports","2026-08-19","2026-08-26","","","","","2026-08-19 ~ 2026-08-26","미공개(100명이상)","추정/공개 규모","학생대회라 학부모 동반 가능","https://result.sports.or.kr/TT/INF102.do","","Tentative","Sports(Jungjae)"
"EXH-001","2026 코리아 마이스 엑스포 (KOREA MICE EXPO 2026)","Exhibition/Convention","2026-11-17","2026-11-19","","","","Medium Impact","2026-11-17 ~ 2026-11-19","약 5,000명 이상","추정/공개 규모","새로 개장하는 '코엑스 마곡'에서 개최. 대한민국 최대의 MICE B2B 박람회로 전국의 지자체, 베뉴, 관광 상품 기획자가 집결.","","","Needs verification","Exhibition/Convention(Wooseul)"
"EXH-002","그린에너텍 (Green EnerTEC 2026)","Exhibition/Convention","2026-08-05","2026-08-07","인천","","인천","Medium Impact","2026-08-05 ~ 2026-08-07","참가업체 약 150개사, 참관객 5,000명 이상","추정/공개 규모","인천 송도컨벤시아 개최. 인천공항 접근성을 활용한 단기 체류형 해외 테크 바이어 유동인구 발생.","","","Needs verification","Exhibition/Convention(Wooseul)"
"EXH-003","서울 팝 컬처 컨벤션 (서울팝콘 2026)","Exhibition/Convention","2026-08-14","2026-08-16","서울","","서울","","2026-08-14 ~ 2026-08-16","참관객 약 5만 명 이상","추정/공개 규모","서울 코엑스 개최. 국내외 서브컬처 팬덤 집결로 8월 중순 서울 시내 인바운드 관광 및 굿즈·F&B 소비 진작 효과.","","","Needs verification","Exhibition/Convention(Wooseul)"
"EXH-004","KIAF SEOUL 2026 (한국국제아트페어)","Exhibition/Convention","2026-09-02","2026-09-06","서울","","서울","","2026-09-02 ~ 2026-09-06","참관객 8만 명 이상","추정/공개 규모","서울 코엑스 개최 (25주년). 프리즈 서울과 공동 개최하여 전 세계 고자산가 및 VIP 미술 관광객 집중 방문 기간.","","","Needs verification","Exhibition/Convention(Wooseul)"
"EXH-005","프리즈 서울 2026 (Frieze Seoul 2026)","Exhibition/Convention","2026-09-02","2026-09-05","서울","","서울","","2026-09-02 ~ 2026-09-05","글로벌 최정상 갤러리 110여 개 이상 참여","추정/공개 규모","서울 코엑스 개최. 세계 3대 아트페어. 9월 초 서울 시내 5성급 프리미엄 호텔 및 VIP 의전 차량 예약 특수 유발.","","","Needs verification","Exhibition/Convention(Wooseul)"
"EXH-006","국제 환경 에너지 기술전 (EnTech 2026)","Exhibition/Convention","2026-09-16","2026-09-18","부산","","부산","","2026-09-16 ~ 2026-09-18","참가업체 200개사, 바이어 3,000명 이상","추정/공개 규모","부산 벡스코(BEXCO) 개최. 하반기 부·울·경 지역의 대형 B2B 비즈니스 행사로 해운대 인근 호텔 및 비즈니스 투어 수요 유발.","","","Needs verification","Exhibition/Convention(Wooseul)"
"EXH-007","28회 정동진독립영화제","Exhibition/Convention","2026-08-07","2026-08-10","강릉","","강릉","Medium Impact","2026-08-07 ~ 2026-08-10","약 5,000명 ~ 1만 명 내외","추정/공개 규모","MZ세대와 영화 마니아층의 '여름 강릉 여행' 필수 코스, 8월 초 강릉 지역 숙박·관광 시너지: 8월 첫째 주말이라는 극성수기 일정과 맞물려, 정동진 및 강릉 시내 비즈니스호텔, 게스트하우스, 펜션의 예약률을 최고조로 끌어올리는 역할","","","Needs verification","Exhibition/Convention(Wooseul)"
"SEM-001","DH2026(디지털 휴머니티스2026)","Seminar","2026-07-27","2026-07-31","대전","대전컨벤션센터","대전","Medium Impact","2026-07-27 ~ 2026-07-31","500~1,000명","추정/공개 규모","디지털인문학","","","Past","Seminar(Younguk)"
"SEM-002","2026 한국인공지능학회 하계학술대회","Seminar","2026-08-06","2026-08-08","경주","경주화백컨벤션센터","경주","Medium Impact","2026-08-06 ~ 2026-08-08","500명","추정/공개 규모","인공지능","","","Needs verification","Seminar(Younguk)"
"SEM-003","2026 연차학술대회","Seminar","2026-08-20","2026-08-22","서울","코엑스","서울","Medium Impact","2026-08-20 ~ 2026-08-22","1000명 예상","추정/공개 규모","심리학","","","Needs verification","Seminar(Younguk)"
"SEM-004","AI Summit Seoul & EXPO 2026","Seminar","2026-08-19","2026-08-21","서울","코엑스","서울","","2026-08-19 ~ 2026-08-21","3000명 예상","추정/공개 규모","프로그래밍, 프로그램, 데이터 / 주관처 추정","","","Needs verification","Seminar(Younguk)"
"SEM-005","2026 한국경영학회 융합학술대회","Seminar","2026-08-18","2026-08-20","제주도","제주국제컨벤션센터(ICC 제주)","제주도","Medium Impact","2026-08-18 ~ 2026-08-20","1500명 예상","추정/공개 규모","경영 / 장소 추정","","","Needs verification","Seminar(Younguk)"
"SEM-006","2026 세계도서관정보대회","Seminar","2026-08-10","2026-08-13","부산","벡스코","부산","","2026-08-10 ~ 2026-08-13","3000명 예상","추정/공개 규모","문헌정보학 / 장소·주관처 추정","","","Needs verification","Seminar(Younguk)"
"REG-001","평창더위사냥축제","Regional Event","2026-07-24","2026-08-02","강원특별자치도 평창군","","강원특별자치도 평창군","High Impact","2026-07-24 ~ 2026-08-02","약 10만 명","추정/공개 규모","","https://korean.visitkorea.or.kr/kfes/list/wntyFstvlList.do","","Past","Regional Event(Youri)"
"REG-002","보령머드축제","Regional Event","2026-07-24","2026-08-09","충청남도 보령시","","충청남도 보령시","High Impact","2026-07-24 ~ 2026-08-09","약 120만 명","추정/공개 규모","대한민국 대표 여름축제, 외국인 관광객 비중도 높음","https://korean.visitkorea.or.kr/kfes/list/wntyFstvlList.do","","Confirmed","Regional Event(Youri)"
"REG-003","발코니 뮤직쇼 앤 스트릿 페스타","Regional Event","2026-07-25","2026-07-25","부산광역시 중구","","부산광역시 중구","","2026-07-25","","추정/공개 규모","","https://korean.visitkorea.or.kr/kfes/list/wntyFstvlList.do","","Past","Regional Event(Youri)"
"REG-004","거제여름해양축제","Regional Event","2026-07-25","2026-07-26","경상남도 거제시","","경상남도 거제시","","2026-07-25 ~ 2026-07-26","약 5만 명","추정/공개 규모","","https://korean.visitkorea.or.kr/kfes/list/wntyFstvlList.do","","Past","Regional Event(Youri)"
"REG-005","대구 동구 여름축제 두두썸동","Regional Event","2026-07-25","2026-07-26","대구광역시 동구","","대구광역시 동구","","2026-07-25 ~ 2026-07-26","","추정/공개 규모","","https://korean.visitkorea.or.kr/kfes/list/wntyFstvlList.do","","Past","Regional Event(Youri)"
"REG-006","봉화은어축제","Regional Event","2026-07-25","2026-08-02","경상북도 봉화군","","경상북도 봉화군","High Impact","2026-07-25 ~ 2026-08-02","약 20만 명","추정/공개 규모","","https://korean.visitkorea.or.kr/kfes/list/wntyFstvlList.do","","Past","Regional Event(Youri)"
"REG-007","안동 수(水)페스타","Regional Event","2026-07-25","2026-08-02","경상북도 안동시","","경상북도 안동시","","2026-07-25 ~ 2026-08-02","","추정/공개 규모","","https://korean.visitkorea.or.kr/kfes/list/wntyFstvlList.do","","Past","Regional Event(Youri)"
"REG-008","정남진 장흥 물축제","Regional Event","2026-07-25","2026-08-02","전남광주통합특별시 장흥군","","전남광주통합특별시 장흥군","High Impact","2026-07-25 ~ 2026-08-02","약 30만 명","추정/공개 규모","","https://korean.visitkorea.or.kr/kfes/list/wntyFstvlList.do","","Past","Regional Event(Youri)"
"REG-009","성북문화바캉스","Regional Event","2026-07-25","2026-08-09","서울특별시 성북구","","서울특별시 성북구","","2026-07-25 ~ 2026-08-09","","추정/공개 규모","","https://korean.visitkorea.or.kr/kfes/list/wntyFstvlList.do","","Confirmed","Regional Event(Youri)"
"REG-010","경포 썸머 페스티벌","Regional Event","2026-07-30","2026-08-05","강원특별자치도 강릉시","","강원특별자치도 강릉시","","2026-07-30 ~ 2026-08-05","","추정/공개 규모","","https://korean.visitkorea.or.kr/kfes/list/wntyFstvlList.do","","Past","Regional Event(Youri)"
"REG-011","거문도백도 은빛바다체험행사","Regional Event","2026-07-31","2026-08-01","전남광주통합특별시 여수시","","전남광주통합특별시 여수시","","2026-07-31 ~ 2026-08-01","","추정/공개 규모","","https://korean.visitkorea.or.kr/kfes/list/wntyFstvlList.do","","Past","Regional Event(Youri)"
"REG-012","DDP 바캉스: 뮤직페스티벌","Regional Event","2026-07-31","2026-08-02","서울특별시 중구","","서울특별시 중구","","2026-07-31 ~ 2026-08-02","","추정/공개 규모","","https://korean.visitkorea.or.kr/kfes/list/wntyFstvlList.do","","Past","Regional Event(Youri)"
"REG-013","속초 썸머페스티벌","Regional Event","2026-07-31","2026-08-02","강원특별자치도 속초시","","강원특별자치도 속초시","","2026-07-31 ~ 2026-08-02","","추정/공개 규모","","https://korean.visitkorea.or.kr/kfes/list/wntyFstvlList.do","","Past","Regional Event(Youri)"
"REG-014","영주 시원나잇페스타","Regional Event","2026-07-31","2026-08-02","경상북도 영주시","","경상북도 영주시","","2026-07-31 ~ 2026-08-02","","추정/공개 규모","","https://korean.visitkorea.or.kr/kfes/list/wntyFstvlList.do","","Past","Regional Event(Youri)"
"REG-015","인천펜타포트 락 페스티벌","Regional Event","2026-07-31","2026-08-02","인천광역시 연수구","","인천광역시 연수구","High Impact","2026-07-31 ~ 2026-08-02","약 10만 명","추정/공개 규모","국내 최대 규모의 락 페스티벌","https://korean.visitkorea.or.kr/kfes/list/wntyFstvlList.do","","Past","Regional Event(Youri)"
"REG-016","정읍 물빛축제","Regional Event","2026-07-31","2026-08-02","전북특별자치도 정읍시","","전북특별자치도 정읍시","","2026-07-31 ~ 2026-08-02","","추정/공개 규모","","https://korean.visitkorea.or.kr/kfes/list/wntyFstvlList.do","","Past","Regional Event(Youri)"
"REG-017","한강페스티벌","Regional Event","2026-08-01","2026-08-16","서울특별시 마포구","","서울특별시 마포구","High Impact","2026-08-01 ~ 2026-08-16","약 60만 명","추정/공개 규모","서울시 주관, 한강 전역에서 다양한 프로그램","https://korean.visitkorea.or.kr/kfes/list/wntyFstvlList.do","","Confirmed","Regional Event(Youri)"
"REG-018","홍천강 별빛음악 맥주축제","Regional Event","2026-08-05","2026-08-09","강원특별자치도 홍천군","","강원특별자치도 홍천군","","2026-08-05 ~ 2026-08-09","","추정/공개 규모","","https://korean.visitkorea.or.kr/kfes/list/wntyFstvlList.do","","Confirmed","Regional Event(Youri)"
"REG-019","밀양 수퍼 페스티벌","Regional Event","2026-08-07","2026-08-09","경상남도 밀양시","","경상남도 밀양시","","2026-08-07 ~ 2026-08-09","","추정/공개 규모","","https://korean.visitkorea.or.kr/kfes/list/wntyFstvlList.do","","Confirmed","Regional Event(Youri)"
"REG-020","부산바다축제","Regional Event","2026-08-07","2026-08-13","부산광역시 사하구","","부산광역시 사하구","High Impact","2026-08-07 ~ 2026-08-13","약 80만 명","추정/공개 규모","부산 해운대 등 주요 해변에서 개최, 대규모 콘서트, 해양 스포츠, 불꽃놀이 등","https://korean.visitkorea.or.kr/kfes/list/wntyFstvlList.do","","Confirmed","Regional Event(Youri)"
"REG-021","송도해변축제","Regional Event","2026-08-08","2026-08-15","인천광역시 연수구","","인천광역시 연수구","","2026-08-08 ~ 2026-08-15","","추정/공개 규모","","https://korean.visitkorea.or.kr/kfes/list/wntyFstvlList.do","","Confirmed","Regional Event(Youri)"
"REG-022","통영한산대첩축제","Regional Event","2026-08-12","2026-08-16","경상남도 통영시","","경상남도 통영시","High Impact","2026-08-12 ~ 2026-08-16","약 30만 명","추정/공개 규모","","https://korean.visitkorea.or.kr/kfes/list/wntyFstvlList.do","","Confirmed","Regional Event(Youri)"
"REG-023","강릉 국가유산 야행","Regional Event","2026-08-14","2026-08-16","강원특별자치도 강릉시","","강원특별자치도 강릉시","","2026-08-14 ~ 2026-08-16","","추정/공개 규모","","https://korean.visitkorea.or.kr/kfes/list/wntyFstvlList.do","","Confirmed","Regional Event(Youri)"
"REG-024","공주야밤 맥주축제","Regional Event","2026-08-14","2026-08-16","충청남도 공주시","","충청남도 공주시","","2026-08-14 ~ 2026-08-16","","추정/공개 규모","","https://korean.visitkorea.or.kr/kfes/list/wntyFstvlList.do","","Confirmed","Regional Event(Youri)"
"REG-025","김천포도축제","Regional Event","2026-08-14","2026-08-16","경상북도 김천시","","경상북도 김천시","","2026-08-14 ~ 2026-08-16","","추정/공개 규모","","https://korean.visitkorea.or.kr/kfes/list/wntyFstvlList.do","","Confirmed","Regional Event(Youri)"
"REG-026","둔내고랭지토마토축제","Regional Event","2026-08-14","2026-08-16","강원특별자치도 횡성군","","강원특별자치도 횡성군","","2026-08-14 ~ 2026-08-16","","추정/공개 규모","","https://korean.visitkorea.or.kr/kfes/list/wntyFstvlList.do","","Confirmed","Regional Event(Youri)"
"REG-027","군산 국가유산 야행","Regional Event","2026-08-14","2026-08-22","전북특별자치도 군산시","","전북특별자치도 군산시","","2026-08-14 ~ 2026-08-22","","추정/공개 규모","","https://korean.visitkorea.or.kr/kfes/list/wntyFstvlList.do","","Confirmed","Regional Event(Youri)"
"REG-028","국가유산 미디어아트","Regional Event","2026-08-14","2026-11-08","인천광역시 강화군","","인천광역시 강화군","","2026-08-14 ~ 2026-11-08","","추정/공개 규모","","https://korean.visitkorea.or.kr/kfes/list/wntyFstvlList.do","","Confirmed","Regional Event(Youri)"
"REG-029","서대문독립민주축제","Regional Event","2026-08-15","2026-08-16","서울특별시 서대문구","","서울특별시 서대문구","","2026-08-15 ~ 2026-08-16","","추정/공개 규모","","https://korean.visitkorea.or.kr/kfes/list/wntyFstvlList.do","","Confirmed","Regional Event(Youri)"
"REG-030","영덕 국가유산 야행","Regional Event","2026-08-21","2026-08-23","경상북도 영덕군","","경상북도 영덕군","","2026-08-21 ~ 2026-08-23","","추정/공개 규모","","https://korean.visitkorea.or.kr/kfes/list/wntyFstvlList.do","","Confirmed","Regional Event(Youri)"
"REG-031","영양고추 H.O.T 페스티벌","Regional Event","2026-08-27","2026-08-29","서울특별시 중구","","서울특별시 중구","","2026-08-27 ~ 2026-08-29","","추정/공개 규모","","https://korean.visitkorea.or.kr/kfes/list/wntyFstvlList.do","","Confirmed","Regional Event(Youri)"
"REG-032","동대문구 맥주축제","Regional Event","2026-08-28","2026-08-29","서울특별시 동대문구","","서울특별시 동대문구","","2026-08-28 ~ 2026-08-29","","추정/공개 규모","","https://korean.visitkorea.or.kr/kfes/list/wntyFstvlList.do","","Confirmed","Regional Event(Youri)"
"REG-033","장항 맥문동 꽃 축제","Regional Event","2026-08-28","2026-08-30","충청남도 서천군","","충청남도 서천군","","2026-08-28 ~ 2026-08-30","","추정/공개 규모","","https://korean.visitkorea.or.kr/kfes/list/wntyFstvlList.do","","Confirmed","Regional Event(Youri)"
"REG-034","세계유산축전","Regional Event","2026-08-28","2026-10-25","경상북도 안동시","","경상북도 안동시","","2026-08-28 ~ 2026-10-25","","추정/공개 규모","","https://korean.visitkorea.or.kr/kfes/list/wntyFstvlList.do","","Confirmed","Regional Event(Youri)"
"REG-035","괴산고추축제","Regional Event","2026-09-03","2026-09-06","충청북도 괴산군","","충청북도 괴산군","High Impact","2026-09-03 ~ 2026-09-06","약 30만 명","추정/공개 규모","","https://korean.visitkorea.or.kr/kfes/list/wntyFstvlList.do","","Confirmed","Regional Event(Youri)"
"REG-036","고령 국가유산 야행","Regional Event","2026-09-04","2026-09-06","경상북도 고령군","","경상북도 고령군","","2026-09-04 ~ 2026-09-06","","추정/공개 규모","","https://korean.visitkorea.or.kr/kfes/list/wntyFstvlList.do","","Confirmed","Regional Event(Youri)"
"REG-037","공주 국가유산 야행","Regional Event","2026-09-04","2026-09-06","충청남도 공주시","","충청남도 공주시","","2026-09-04 ~ 2026-09-06","","추정/공개 규모","","https://korean.visitkorea.or.kr/kfes/list/wntyFstvlList.do","","Confirmed","Regional Event(Youri)"
"REG-038","왜관 홀리 페스티벌","Regional Event","2026-09-04","2026-09-06","경상북도 칠곡군","","경상북도 칠곡군","","2026-09-04 ~ 2026-09-06","","추정/공개 규모","","https://korean.visitkorea.or.kr/kfes/list/wntyFstvlList.do","","Confirmed","Regional Event(Youri)"
"REG-039","직지문화축제","Regional Event","2026-09-04","2026-09-06","충청북도 청주시","","충청북도 청주시","","2026-09-04 ~ 2026-09-06","","추정/공개 규모","","https://korean.visitkorea.or.kr/kfes/list/wntyFstvlList.do","","Confirmed","Regional Event(Youri)"
"REG-040","무주반딧불축제","Regional Event","2026-09-04","2026-09-12","전북특별자치도 무주군","","전북특별자치도 무주군","High Impact","2026-09-04 ~ 2026-09-12","약 50만 명","추정/공개 규모","자연생태 체험, 전국적 인기, 가족 단위 방문객 다수","https://korean.visitkorea.or.kr/kfes/list/wntyFstvlList.do","","Confirmed","Regional Event(Youri)"
"REG-041","평창효석문화제","Regional Event","2026-09-04","2026-09-13","강원특별자치도 평창군","","강원특별자치도 평창군","","2026-09-04 ~ 2026-09-13","","추정/공개 규모","","https://korean.visitkorea.or.kr/kfes/list/wntyFstvlList.do","","Confirmed","Regional Event(Youri)"
"REG-042","한여름 밤의 신정호 별빛축제","Regional Event","2026-09-05","2026-09-06","충청남도 아산시","","충청남도 아산시","","2026-09-05 ~ 2026-09-06","","추정/공개 규모","","https://korean.visitkorea.or.kr/kfes/list/wntyFstvlList.do","","Confirmed","Regional Event(Youri)"
"REG-043","장수한우랑사과랑축제","Regional Event","2026-09-10","2026-09-13","전북특별자치도 장수군","","전북특별자치도 장수군","","2026-09-10 ~ 2026-09-13","","추정/공개 규모","","https://korean.visitkorea.or.kr/kfes/list/wntyFstvlList.do","","Confirmed","Regional Event(Youri)"
"REG-044","전주독서대전","Regional Event","2026-09-11","2026-09-13","전북특별자치도 전주시","","전북특별자치도 전주시","","2026-09-11 ~ 2026-09-13","","추정/공개 규모","","https://korean.visitkorea.or.kr/kfes/list/wntyFstvlList.do","","Confirmed","Regional Event(Youri)"
"REG-045","청양 고추 구기자 축제","Regional Event","2026-09-11","2026-09-13","충청남도 청양군","","충청남도 청양군","","2026-09-11 ~ 2026-09-13","","추정/공개 규모","","https://korean.visitkorea.or.kr/kfes/list/wntyFstvlList.do","","Confirmed","Regional Event(Youri)"
"REG-046","계촌 휴[休] 북&뮤직 페스티벌","Regional Event","2026-09-12","2026-09-13","강원특별자치도 평창군","","강원특별자치도 평창군","","2026-09-12 ~ 2026-09-13","","추정/공개 규모","","https://korean.visitkorea.or.kr/kfes/list/wntyFstvlList.do","","Confirmed","Regional Event(Youri)"
"REG-047","대전 중구 북페스티벌","Regional Event","2026-09-12","2026-09-13","대전광역시 중구","","대전광역시 중구","","2026-09-12 ~ 2026-09-13","","추정/공개 규모","","https://korean.visitkorea.or.kr/kfes/list/wntyFstvlList.do","","Confirmed","Regional Event(Youri)"
"REG-048","음성명작페스티벌","Regional Event","2026-09-17","2026-09-20","충청북도 음성군","","충청북도 음성군","","2026-09-17 ~ 2026-09-20","","추정/공개 규모","","https://korean.visitkorea.or.kr/kfes/list/wntyFstvlList.do","","Confirmed","Regional Event(Youri)"
"REG-049","고양호수예술축제","Regional Event","2026-09-18","2026-09-20","경기도 고양시","","경기도 고양시","","2026-09-18 ~ 2026-09-20","","추정/공개 규모","","https://korean.visitkorea.or.kr/kfes/list/wntyFstvlList.do","","Confirmed","Regional Event(Youri)"
"REG-050","과천공연예술축제","Regional Event","2026-09-18","2026-09-20","경기도 과천시","","경기도 과천시","","2026-09-18 ~ 2026-09-20","","추정/공개 규모","","https://korean.visitkorea.or.kr/kfes/list/wntyFstvlList.do","","Confirmed","Regional Event(Youri)"
"REG-051","대한민국 청년의 날 축제","Regional Event","2026-09-18","2026-09-20","부산광역시 수영구","","부산광역시 수영구","","2026-09-18 ~ 2026-09-20","","추정/공개 규모","","https://korean.visitkorea.or.kr/kfes/list/wntyFstvlList.do","","Confirmed","Regional Event(Youri)"
"REG-052","부천국제만화축제","Regional Event","2026-09-18","2026-09-20","경기도 부천시","","경기도 부천시","","2026-09-18 ~ 2026-09-20","약 15만 명","추정/공개 규모","","https://korean.visitkorea.or.kr/kfes/list/wntyFstvlList.do","","Confirmed","Regional Event(Youri)"
"REG-053","시흥갯골축제","Regional Event","2026-09-18","2026-09-20","경기도 시흥시","","경기도 시흥시","High Impact","2026-09-18 ~ 2026-09-20","약 20만 명","추정/공개 규모","","https://korean.visitkorea.or.kr/kfes/list/wntyFstvlList.do","","Confirmed","Regional Event(Youri)"
"REG-054","진안홍삼축제","Regional Event","2026-09-18","2026-09-20","전북특별자치도 진안군","","전북특별자치도 진안군","High Impact","2026-09-18 ~ 2026-09-20","약 20만 명","추정/공개 규모","","https://korean.visitkorea.or.kr/kfes/list/wntyFstvlList.do","","Confirmed","Regional Event(Youri)"
"REG-055","영광불갑산상사화축제","Regional Event","2026-09-18","2026-09-27","전남광주통합특별시 영광군","","전남광주통합특별시 영광군","","2026-09-18 ~ 2026-09-27","약 25만 명","추정/공개 규모","상사화 군락지, 대규모 방문객 유치","https://korean.visitkorea.or.kr/kfes/list/wntyFstvlList.do","","Confirmed","Regional Event(Youri)"
"REG-056","안산 대부포도축제","Regional Event","2026-09-19","2026-09-20","경기도 안산시","","경기도 안산시","","2026-09-19 ~ 2026-09-20","","추정/공개 규모","","https://korean.visitkorea.or.kr/kfes/list/wntyFstvlList.do","","Confirmed","Regional Event(Youri)"
"REG-057","외계인 대축제","Regional Event","2026-09-19","2026-09-20","경상남도 밀양시","","경상남도 밀양시","","2026-09-19 ~ 2026-09-20","","추정/공개 규모","","https://korean.visitkorea.or.kr/kfes/list/wntyFstvlList.do","","Confirmed","Regional Event(Youri)"
"REG-058","수원화성 미디어아트","Regional Event","2026-09-19","2026-10-06","경기도 수원시","","경기도 수원시","","2026-09-19 ~ 2026-10-06","","추정/공개 규모","","https://korean.visitkorea.or.kr/kfes/list/wntyFstvlList.do","","Confirmed","Regional Event(Youri)"
"REG-059","경남고성공룡세계엑스포","Regional Event","2026-09-22","2026-11-01","경상남도 고성군","","경상남도 고성군","","2026-09-22 ~ 2026-11-01","","추정/공개 규모","","https://korean.visitkorea.or.kr/kfes/list/wntyFstvlList.do","","Confirmed","Regional Event(Youri)"
"REG-060","안동국제탈춤페스티벌","Regional Event","2026-09-24","2026-10-04","경상북도 안동시","","경상북도 안동시","High Impact","2026-09-24 ~ 2026-10-04","약 110만 명","추정/공개 규모","세계탈놀이경연, 해외 참가팀 다수","https://korean.visitkorea.or.kr/kfes/list/wntyFstvlList.do","","Confirmed","Regional Event(Youri)"
"REG-061","정선아리랑제","Regional Event","2026-10-01","2026-10-04","강원특별자치도 정선군","","강원특별자치도 정선군","High Impact","2026-10-01 ~ 2026-10-04","약 20만 명","추정/공개 규모","강원도 대표 전통문화축제, 전국적 인지도","https://korean.visitkorea.or.kr/kfes/list/wntyFstvlList.do","","Confirmed","Regional Event(Youri)"
"REG-062","계룡軍문화축제","Regional Event","2026-10-01","2026-10-05","충청남도 계룡시","","충청남도 계룡시","","2026-10-01 ~ 2026-10-05","","추정/공개 규모","","https://korean.visitkorea.or.kr/kfes/list/wntyFstvlList.do","","Confirmed","Regional Event(Youri)"
"REG-063","김제지평선축제","Regional Event","2026-10-01","2026-10-05","전북특별자치도 김제시","","전북특별자치도 김제시","High Impact","2026-10-01 ~ 2026-10-05","약 60만 명","추정/공개 규모","농경문화 체험, 대규모 퍼레이드, 전국적 인지도","https://korean.visitkorea.or.kr/kfes/list/wntyFstvlList.do","","Confirmed","Regional Event(Youri)"
"REG-064","지상군페스티벌","Regional Event","2026-10-01","2026-10-05","충청남도 계룡시","","충청남도 계룡시","","2026-10-01 ~ 2026-10-05","","추정/공개 규모","","https://korean.visitkorea.or.kr/kfes/list/wntyFstvlList.do","","Confirmed","Regional Event(Youri)"
"REG-065","천안흥타령춤축제","Regional Event","2026-10-01","2026-10-05","충청남도 천안시","","충청남도 천안시","","2026-10-01 ~ 2026-10-05","약 70만 명","추정/공개 규모","국내외 50여 개 팀 참가, 대규모 퍼레이드","https://korean.visitkorea.or.kr/kfes/list/wntyFstvlList.do","","Confirmed","Regional Event(Youri)"
"REG-066","부산국제록페스티벌","Regional Event","2026-10-02","2026-10-04","부산광역시 사상구","","부산광역시 사상구","","2026-10-02 ~ 2026-10-04","","추정/공개 규모","","https://korean.visitkorea.or.kr/kfes/list/wntyFstvlList.do","","Confirmed","Regional Event(Youri)"
"REG-067","부평풍물대축제","Regional Event","2026-10-02","2026-10-04","인천광역시 부평구","","인천광역시 부평구","","2026-10-02 ~ 2026-10-04","","추정/공개 규모","","https://korean.visitkorea.or.kr/kfes/list/wntyFstvlList.do","","Confirmed","Regional Event(Youri)"
"REG-068","소래포구축제","Regional Event","2026-10-02","2026-10-04","인천광역시 남동구","","인천광역시 남동구","","2026-10-02 ~ 2026-10-04","","추정/공개 규모","","https://korean.visitkorea.or.kr/kfes/list/wntyFstvlList.do","","Confirmed","Regional Event(Youri)"
"REG-069","완주 와일드&로컬푸드축제","Regional Event","2026-10-02","2026-10-04","전북특별자치도 완주군","","전북특별자치도 완주군","","2026-10-02 ~ 2026-10-04","","추정/공개 규모","","https://korean.visitkorea.or.kr/kfes/list/wntyFstvlList.do","","Confirmed","Regional Event(Youri)"
"REG-070","군산시간여행축제","Regional Event","2026-10-02","2026-10-05","전북특별자치도 군산시","","전북특별자치도 군산시","","2026-10-02 ~ 2026-10-05","","추정/공개 규모","","https://korean.visitkorea.or.kr/kfes/list/wntyFstvlList.do","","Confirmed","Regional Event(Youri)"
"REG-071","안성맞춤 남사당 바우덕이축제","Regional Event","2026-10-02","2026-10-05","경기도 안성시","","경기도 안성시","","2026-10-02 ~ 2026-10-05","","추정/공개 규모","","https://korean.visitkorea.or.kr/kfes/list/wntyFstvlList.do","","Confirmed","Regional Event(Youri)"
"REG-072","금산세계인삼축제","Regional Event","2026-10-02","2026-10-11","충청남도 금산군","","충청남도 금산군","","2026-10-02 ~ 2026-10-11","","추정/공개 규모","","https://korean.visitkorea.or.kr/kfes/list/wntyFstvlList.do","","Confirmed","Regional Event(Youri)"
"REG-073","산청한방약초축제","Regional Event","2026-10-02","2026-10-11","경상남도 산청군","","경상남도 산청군","High Impact","2026-10-02 ~ 2026-10-11","약 50만 명","추정/공개 규모","한방약초 시장, 전국 규모의 건강축제","https://korean.visitkorea.or.kr/kfes/list/wntyFstvlList.do","","Confirmed","Regional Event(Youri)"
"REG-074","청원생명축제","Regional Event","2026-10-02","2026-10-11","충청북도 청주시","","충청북도 청주시","","2026-10-02 ~ 2026-10-11","","추정/공개 규모","","https://korean.visitkorea.or.kr/kfes/list/wntyFstvlList.do","","Confirmed","Regional Event(Youri)"
"REG-075","정조효문화제","Regional Event","2026-10-03","2026-10-04","경기도 화성시","","경기도 화성시","","2026-10-03 ~ 2026-10-04","","추정/공개 규모","","https://korean.visitkorea.or.kr/kfes/list/wntyFstvlList.do","","Confirmed","Regional Event(Youri)"
"REG-076","경북영주 풍기인삼축제","Regional Event","2026-10-03","2026-10-11","경상북도 영주시","","경상북도 영주시","","2026-10-03 ~ 2026-10-11","","추정/공개 규모","","https://korean.visitkorea.or.kr/kfes/list/wntyFstvlList.do","","Confirmed","Regional Event(Youri)"
"REG-077","진주남강유등축제","Regional Event","2026-10-03","2026-10-18","경상남도 진주시","","경상남도 진주시","High Impact","2026-10-03 ~ 2026-10-18","약 120만 명","추정/공개 규모","남강 일대에 수십만 개 유등 전시, 전국적 명성","https://korean.visitkorea.or.kr/kfes/list/wntyFstvlList.do","","Confirmed","Regional Event(Youri)"
"REG-078","수원화성문화제","Regional Event","2026-10-04","2026-10-11","경기도 수원시","","경기도 수원시","","2026-10-04 ~ 2026-10-11","","추정/공개 규모","","https://korean.visitkorea.or.kr/kfes/list/wntyFstvlList.do","","Confirmed","Regional Event(Youri)"
"REG-079","광주 추억의 충장축제","Regional Event","2026-10-07","2026-10-11","전남광주통합특별시 동구","","전남광주통합특별시 동구","","2026-10-07 ~ 2026-10-11","","추정/공개 규모","","https://korean.visitkorea.or.kr/kfes/list/wntyFstvlList.do","","Confirmed","Regional Event(Youri)"
"REG-080","함양산삼축제","Regional Event","2026-10-07","2026-10-11","경상남도 함양군","","경상남도 함양군","","2026-10-07 ~ 2026-10-11","","추정/공개 규모","산삼 채취, 건강 체험, 전국적 인지도","https://korean.visitkorea.or.kr/kfes/list/wntyFstvlList.do","","Confirmed","Regional Event(Youri)"
"REG-081","횡성한우축제","Regional Event","2026-10-07","2026-10-11","강원특별자치도 횡성군","","강원특별자치도 횡성군","","2026-10-07 ~ 2026-10-11","","추정/공개 규모","","https://korean.visitkorea.or.kr/kfes/list/wntyFstvlList.do","","Confirmed","Regional Event(Youri)"
"REG-082","임실N치즈축제","Regional Event","2026-10-08","2026-10-11","전북특별자치도 임실군","","전북특별자치도 임실군","High Impact","2026-10-08 ~ 2026-10-11","약 50만 명","추정/공개 규모","치즈 체험, 가족 단위 대규모 방문","https://korean.visitkorea.or.kr/kfes/list/wntyFstvlList.do","","Confirmed","Regional Event(Youri)"
"REG-083","정읍 구절초 꽃축제","Regional Event","2026-10-08","2026-10-18","전북특별자치도 정읍시","","전북특별자치도 정읍시","","2026-10-08 ~ 2026-10-18","","추정/공개 규모","","https://korean.visitkorea.or.kr/kfes/list/wntyFstvlList.do","","Confirmed","Regional Event(Youri)"
"REG-084","웰컴투신관동","Regional Event","2026-10-09","2026-10-10","충청남도 공주시","","충청남도 공주시","","2026-10-09 ~ 2026-10-10","","추정/공개 규모","","https://korean.visitkorea.or.kr/kfes/list/wntyFstvlList.do","","Confirmed","Regional Event(Youri)"
"REG-085","서산해미읍성축제","Regional Event","2026-10-09","2026-10-11","충청남도 서산시","","충청남도 서산시","","2026-10-09 ~ 2026-10-11","","추정/공개 규모","","https://korean.visitkorea.or.kr/kfes/list/wntyFstvlList.do","","Confirmed","Regional Event(Youri)"
"REG-086","세종한글축제","Regional Event","2026-10-09","2026-10-11","세종특별자치시 세종시","","세종특별자치시 세종시","","2026-10-09 ~ 2026-10-11","","추정/공개 규모","","https://korean.visitkorea.or.kr/kfes/list/wntyFstvlList.do","","Confirmed","Regional Event(Youri)"
"REG-087","시흥월곶포구축제","Regional Event","2026-10-09","2026-10-11","경기도 시흥시","","경기도 시흥시","","2026-10-09 ~ 2026-10-11","","추정/공개 규모","","https://korean.visitkorea.or.kr/kfes/list/wntyFstvlList.do","","Confirmed","Regional Event(Youri)"
"REG-088","신라문화제","Regional Event","2026-10-09","2026-10-11","경상북도 경주시","","경상북도 경주시","","2026-10-09 ~ 2026-10-11","","추정/공개 규모","","https://korean.visitkorea.or.kr/kfes/list/wntyFstvlList.do","","Confirmed","Regional Event(Youri)"
"REG-089","순창장류축제","Regional Event","2026-10-15","2026-10-18","전북특별자치도 순창군","","전북특별자치도 순창군","","2026-10-15 ~ 2026-10-18","","추정/공개 규모","","https://korean.visitkorea.or.kr/kfes/list/wntyFstvlList.do","","Confirmed","Regional Event(Youri)"
"REG-090","영동난계국악축제","Regional Event","2026-10-15","2026-10-18","충청북도 영동군","","충청북도 영동군","","2026-10-15 ~ 2026-10-18","","추정/공개 규모","","https://korean.visitkorea.or.kr/kfes/list/wntyFstvlList.do","","Confirmed","Regional Event(Youri)"
"REG-091","칠곡낙동강평화축제","Regional Event","2026-10-15","2026-10-18","경상북도 칠곡군","","경상북도 칠곡군","","2026-10-15 ~ 2026-10-18","","추정/공개 규모","","https://korean.visitkorea.or.kr/kfes/list/wntyFstvlList.do","","Confirmed","Regional Event(Youri)"
"REG-092","고창모양성제","Regional Event","2026-10-15","2026-10-19","전북특별자치도 고창군","","전북특별자치도 고창군","","2026-10-15 ~ 2026-10-19","","추정/공개 규모","","https://korean.visitkorea.or.kr/kfes/list/wntyFstvlList.do","","Confirmed","Regional Event(Youri)"
"REG-093","강동선사문화축제","Regional Event","2026-10-16","2026-10-18","서울특별시 강동구","","서울특별시 강동구","","2026-10-16 ~ 2026-10-18","","추정/공개 규모","","https://korean.visitkorea.or.kr/kfes/list/wntyFstvlList.do","","Confirmed","Regional Event(Youri)"
"REG-094","관악강감찬축제","Regional Event","2026-10-16","2026-10-18","서울특별시 관악구","","서울특별시 관악구","","2026-10-16 ~ 2026-10-18","","추정/공개 규모","","https://korean.visitkorea.or.kr/kfes/list/wntyFstvlList.do","","Confirmed","Regional Event(Youri)"
"REG-095","금정산성축제","Regional Event","2026-10-16","2026-10-18","부산광역시 금정구","","부산광역시 금정구","","2026-10-16 ~ 2026-10-18","","추정/공개 규모","","https://korean.visitkorea.or.kr/kfes/list/wntyFstvlList.do","","Confirmed","Regional Event(Youri)"
"REG-096","김해 국가유산 야행","Regional Event","2026-10-16","2026-10-18","경상남도 김해시","","경상남도 김해시","","2026-10-16 ~ 2026-10-18","","추정/공개 규모","","https://korean.visitkorea.or.kr/kfes/list/wntyFstvlList.do","","Confirmed","Regional Event(Youri)"
"REG-097","동래읍성역사축제","Regional Event","2026-10-16","2026-10-18","부산광역시 동래구","","부산광역시 동래구","","2026-10-16 ~ 2026-10-18","","추정/공개 규모","","https://korean.visitkorea.or.kr/kfes/list/wntyFstvlList.do","","Confirmed","Regional Event(Youri)"
"REG-098","목포항구축제","Regional Event","2026-10-16","2026-10-18","전남광주통합특별시 목포시","","전남광주통합특별시 목포시","","2026-10-16 ~ 2026-10-18","","추정/공개 규모","","https://korean.visitkorea.or.kr/kfes/list/wntyFstvlList.do","","Confirmed","Regional Event(Youri)"
"REG-099","세종대왕과 초정약수축제","Regional Event","2026-10-16","2026-10-18","충청북도 청주시","","충청북도 청주시","","2026-10-16 ~ 2026-10-18","","추정/공개 규모","","https://korean.visitkorea.or.kr/kfes/list/wntyFstvlList.do","","Confirmed","Regional Event(Youri)"
"REG-100","구미푸드페스티벌","Regional Event","2026-10-17","2026-10-18","경상북도 구미시","","경상북도 구미시","","2026-10-17 ~ 2026-10-18","","추정/공개 규모","","https://korean.visitkorea.or.kr/kfes/list/wntyFstvlList.do","","Confirmed","Regional Event(Youri)"
"REG-101","강릉커피축제","Regional Event","2026-10-21","2026-10-25","강원특별자치도 강릉시","","강원특별자치도 강릉시","High Impact","2026-10-21 ~ 2026-10-25","약 50만 명","추정/공개 규모","강릉시 대표 축제, 전국 커피 애호가·관광객 대거 방문","https://korean.visitkorea.or.kr/kfes/list/wntyFstvlList.do","","Confirmed","Regional Event(Youri)"
"REG-102","사천에어쇼","Regional Event","2026-10-22","2026-10-25","경상남도 사천시","","경상남도 사천시","High Impact","2026-10-22 ~ 2026-10-25","약 50만 명","추정/공개 규모","","https://korean.visitkorea.or.kr/kfes/list/wntyFstvlList.do","","Confirmed","Regional Event(Youri)"
"REG-103","광주김치축제","Regional Event","2026-10-23","2026-10-25","전남광주통합특별시 서구","","전남광주통합특별시 서구","","2026-10-23 ~ 2026-10-25","","추정/공개 규모","","https://korean.visitkorea.or.kr/kfes/list/wntyFstvlList.do","","Confirmed","Regional Event(Youri)"
"REG-104","김천김밥축제","Regional Event","2026-10-23","2026-10-25","경상북도 김천시","","경상북도 김천시","High Impact","2026-10-23 ~ 2026-10-25","약 10만 명","추정/공개 규모","최근 빠르게 성장 중인 지역 대표 먹거리 축제","https://korean.visitkorea.or.kr/kfes/list/wntyFstvlList.do","","Confirmed","Regional Event(Youri)"
"REG-105","서귀포칠십리축제","Regional Event","2026-10-23","2026-10-25","제주특별자치도 서귀포시","","제주특별자치도 서귀포시","","2026-10-23 ~ 2026-10-25","","추정/공개 규모","","https://korean.visitkorea.or.kr/kfes/list/wntyFstvlList.do","","Confirmed","Regional Event(Youri)"
"REG-106","여주오곡나루축제","Regional Event","2026-10-23","2026-10-25","경기도 여주시","","경기도 여주시","","2026-10-23 ~ 2026-10-25","","추정/공개 규모","","https://korean.visitkorea.or.kr/kfes/list/wntyFstvlList.do","","Confirmed","Regional Event(Youri)"
"REG-107","성남동 커피페스티벌","Regional Event","2026-10-30","2026-11-01","울산광역시 중구","","울산광역시 중구","","2026-10-30 ~ 2026-11-01","","추정/공개 규모","","https://korean.visitkorea.or.kr/kfes/list/wntyFstvlList.do","","Confirmed","Regional Event(Youri)"
"REG-108","고양행주한우 숯불구이축제","Regional Event","2026-10-31","2026-11-01","경기도 고양시","","경기도 고양시","","2026-10-31 ~ 2026-11-01","","추정/공개 규모","","https://korean.visitkorea.or.kr/kfes/list/wntyFstvlList.do","","Confirmed","Regional Event(Youri)"
"REG-109","청송사과축제","Regional Event","2026-11-04","2026-11-08","경상북도 청송군","","경상북도 청송군","","2026-11-04 ~ 2026-11-08","","추정/공개 규모","","https://korean.visitkorea.or.kr/kfes/list/wntyFstvlList.do","","Confirmed","Regional Event(Youri)"
"REG-110","구미라면 축제","Regional Event","2026-11-06","2026-11-08","경상북도 구미시","","경상북도 구미시","","2026-11-06 ~ 2026-11-08","","추정/공개 규모","","https://korean.visitkorea.or.kr/kfes/list/wntyFstvlList.do","","Confirmed","Regional Event(Youri)"
"REG-111","포항국제불빛축제","Regional Event","2026-11-20","2026-11-22","경상북도 포항시","","경상북도 포항시","High Impact","2026-11-20 ~ 2026-11-22","약 100만 명","추정/공개 규모","국내 최대 불꽃축제 중 하나","https://korean.visitkorea.or.kr/kfes/list/wntyFstvlList.do","","Confirmed","Regional Event(Youri)"
"REG-112","얼음나라화천 산천어축제","Regional Event","2027-01-09","2027-01-31","강원특별자치도 화천군","","강원특별자치도 화천군","","2027-01-09 ~ 2027-01-31","","추정/공개 규모","","https://korean.visitkorea.or.kr/kfes/list/wntyFstvlList.do","","Confirmed","Regional Event(Youri)"
"EXA-001","2026 국가공무원 5급 과학기술직 공채 제2차시험","Exam","2026-07-01","2026-07-04","서울","","서울권 인사혁신처 지정 시험장","Medium Impact","2026-07-01 ~ 2026-07-04","과학기술직 제1차 합격 593명(제2차 응시 대상)","추정/공개 규모","전국 합격자의 다일 체류가 필요해 숙박 수요와 직접 연결된다.","https://www.mpm.go.kr/mpm/comm/newsLetter/?boardId=bbs_0000000000000033&category=&cntId=246&mode=view&pageIdx=11","","Past","Exam(Junwon)"
"EXA-002","2026 국가공무원 5·7급 민간경력자 일괄채용 필기시험","Exam","2026-07-18","2026-07-18","","","인사혁신처 지정 필기시험장(제한 거점)","","2026-07-18","지원 4,190명, 선발예정 233명","추정/공개 규모","전국 경력 지원자가 제한된 시험장으로 이동하므로 비거점 지역 응시자의 숙박 가능성이 있다.","https://www.mpm.go.kr/mpm/comm/newsPress/newsPressRelease/?boardId=bbs_0000000000000029&category=&cntId=4245&mode=view","","Past","Exam(Junwon)"
"EXA-003","제49회 보험계리사 제2차시험","Exam","2026-07-25","2026-07-26","서울","","서울특별시 소재 지정 시험장","Medium Impact","2026-07-25 ~ 2026-07-26","정확한 실제 응시인원 미공개; 5개 과목별 최소합격예정 150명이며 복수 연도 1차 합격자·경력면제자 응시 가능","추정/공개 규모","서울 단일 권역에서 이틀 연속 시행되어 비수도권 응시자의 1박 이상 체류 가능성이 높음.","https://certi.kidi.or.kr:10443/exam/receipt/rcept-view","","Past","Exam(Junwon)"
"EXA-004","제49회 손해사정사 제2차시험","Exam","2026-07-26","2026-07-26","서울","","서울특별시 소재 지정 시험장","Medium Impact","2026-07-26","정확한 실제 응시인원 미공개; 3개 분야 선발예정 합계 500명을 상회하는 응시군으로 판단","추정/공개 규모","전국의 1차 합격자·경력면제자가 서울 한 권역으로 집결해 전일 숙박 수요가 예상됨.","https://certi.kidi.or.kr:10443/exam/receipt/rcept-view","","Past","Exam(Junwon)"
"EXA-005","2026 법원공무원 9급 법원·등기사무직 면접시험","Exam","2026-07-31","2026-08-04","","","수도권 법원행정처 지정 면접장","Medium Impact","2026-07-31 ~ 2026-08-04","선발예정 502명(법원사무 457명·등기사무 45명); 면접 대상은 500명 이상 규모","추정/공개 규모","전국 필기 합격자가 5일간 수도권 면접장으로 이동해 원거리 참가자의 숙박 가능성이 높다.","https://exam.scourt.go.kr/","","Past","Exam(Junwon)"
"EXA-006","2026년 정기 제3회 해기사 국가자격시험","Exam","2026-08-22","2026-09-05","부산","","필기: 부산·인천·여수·마산·동해·군산·목포·포항·제주·울산·평택 / 면접: 부산·인천","Medium Impact","2026-08-22 ~ 2026-09-05","약 3,500명/회(해양수산부 2022년 정기 제2회 응시 예정 3,500여 명 기준; 2026 실제 인원 미공개)","추정/공개 규모","해양 종사자는 근무·거주지가 연안 전역에 분산되어 있고, 구술면접은 부산·인천 2곳으로 제한되며 필기와 다른 날짜에 다시 방문해야 해 숙박 연계 가능성이 높음.","https://lems.seaman.or.kr/Lems/LAExamSchedule/selectLAExamScheduleView.do","","Tentative","Exam(Junwon)"
"EXA-007","2026 전국 지역인재 9급 수습직원 필기시험","Exam","2026-08-29","2026-08-29","","","인사혁신처 지정 필기시험장(세부 공고 기준)","","2026-08-29","선발예정 260명; 실제 필기 응시자는 260명 초과 예상","추정/공개 규모","전국 고교 추천자가 제한된 지정 시험장으로 이동해 숙박 수요 잠재력이 있다.","https://gongmuwon.gosi.kr/oprut/RpaRpTestPbancLst.do","","Confirmed","Exam(Junwon)"
"EXA-008","2026 국회사무처 9급 공채 필기시험","Exam","2026-09-05","2026-09-05","서울","","서울권 국회사무처 지정 시험장","","2026-09-05","현재 공식 접수 규모 미확인; 전국 단위 지원자가 서울권에 집중되는 시험이라 숙박 수요 잠재력이 큼","추정/공개 규모","지역별 응시가 불가능하고 전국 지원자가 서울로 이동해야 하므로 규모 미확인 예외 포함 요건에 해당한다.","https://gosi.assembly.go.kr/","","Confirmed","Exam(Junwon)"
"EXA-009","2026년 제2회 선박안전관리사 자격시험","Exam","2026-09-12","2026-09-19","부산","","부산(영도)·인천·목포","","2026-09-12 ~ 2026-09-19","약 1,100명/회(해양수산부 2024년 제2회 공식 접수 1,141명 기준; 2026 실제 인원 미공개)","추정/공개 규모","전국 해운·선박 종사자가 3개 항만도시로 이동해야 하며, 필기와 면접이 1주 간격으로 별도 시행되어 각 시험 전날 숙박 수요가 생길 수 있음.","https://lems.seaman.or.kr/Lems/LAExamSchedule/selectLAExamScheduleView.do","","Tentative","Exam(Junwon)"
"EXA-010","2026 일반군무원 공개·경력경쟁채용 면접시험","Exam","2026-09-15","2026-09-18","서울","","서울·계룡/대전·진해 등 각 군 지정 면접 거점","Medium Impact","2026-09-15 ~ 2026-09-18","선발예정 2,646명; 면접 대상은 수천 명 규모","추정/공개 규모","17개 시도 생활권별 분산이 아닌 군별 거점 집결형 다일 일정으로 원거리 숙박 가능성이 있다.","https://www.mnd.go.kr/user/newsInUserRecord.action?id=mnd_020400000000&newsId=I_669&page=1&siteId=mnd","","Confirmed","Exam(Junwon)"
"EXA-011","2026 국가공무원 7급 공채 제2차시험","Exam","2026-09-19","2026-09-19","서울","","서울·부산·대구·광주·대전 5개 거점","","2026-09-19","선발예정 668명; 제2차 응시 대상은 668명 초과 규모","추정/공개 규모","비거점 지역 응시자가 5개 도시로 이동해야 해 전일 숙박 수요가 발생할 수 있다.","https://www.mpm.go.kr/mpm/etc/yearlySchedule/","","Confirmed","Exam(Junwon)"
"EXA-012","제61회 데이터아키텍처 준전문가(DAsP)","Exam","2026-09-19","2026-09-19","서울","","서울·대전·부산(2025 공식 운영 기준; 2026 세부 고사장은 접수 시 확정)","Medium Impact","2026-09-19","약 1,500~2,100명/회(2025 공식 고사장 접수 집계 1,493명·2,088명)","추정/공개 규모","3개 권역에만 시험장이 있어 전라·강원·제주 등 비개최권역 응시자의 장거리 이동과 전날 숙박 가능성이 뚜렷함.","https://www.dataq.or.kr/www/accept/schedule.do","","Confirmed","Exam(Junwon)"
"EXA-013","제66회 데이터아키텍처 전문가(DAP)","Exam","2026-09-19","2026-09-19","서울","","서울·대전·부산(2025 공식 운영 기준; 2026 세부 고사장은 접수 시 확정)","","2026-09-19","약 230명/회(2025 공식 고사장 접수 집계 230명·237명)","추정/공개 규모","수도권 외 응시자가 선택할 수 있는 비수도권 고사장이 대전·부산뿐이어서, 전라·강원·제주 등에서 장거리 이동과 전날 숙박이 발생할 수 있음.","https://www.dataq.or.kr/www/accept/schedule.do","","Confirmed","Exam(Junwon)"
"EXA-014","2026 국가공무원 5급 공채 제3차시험","Exam","2026-10-12","2026-10-14","","","수도권 인사혁신처 지정 면접장","Medium Impact","2026-10-12 ~ 2026-10-14","선발예정 341명; 면접 대상은 341명 이상 규모","추정/공개 규모","전국 합격자가 수도권 면접장으로 이동하는 다일 일정으로 숙박 연계성이 높다.","https://www.mpm.go.kr/mpm/comm/newsLetter/?boardId=bbs_0000000000000033&category=&cntId=246&mode=view&pageIdx=11","","Confirmed","Exam(Junwon)"
"EXA-015","제37회 데이터분석 전문가(ADP) 실기","Exam","2026-10-17","2026-10-17","서울","","서울·대전·부산(2025 공식 운영 기준; 2026 세부 고사장은 접수 시 확정)","","2026-10-17","약 270~350명/회(2025 공식 고사장 접수 집계 345명·270명)","추정/공개 규모","4시간 실기시험이 3개 권역에만 열려 비개최권역 응시자는 시험 전날 이동·숙박할 유인이 큼.","https://www.dataq.or.kr/www/accept/schedule.do","","Confirmed","Exam(Junwon)"
"EXA-016","제32회 법무사 제2차시험","Exam","2026-10-30","2026-10-31","서울","","서울권 단일 지정 시험장(세부 장소는 1차 합격자 발표 후 공고)","Medium Impact","2026-10-30 ~ 2026-10-31","약 700명대 예상(2026년 1차 약 420명 선발 + 전년도 합격·면제자; 2025년 2차 접수 749명 참고)","추정/공개 규모","전국 응시자가 서울권에서 금·토 이틀 연속 시험을 치러 1~2박 수요가 높음.","https://exam.scourt.go.kr/","","Confirmed","Exam(Junwon)"
"EXA-017","2026 국가공무원 7급 민간경력자 일괄채용 면접시험","Exam","2026-11-10","2026-11-13","","","수도권 인사혁신처 지정 면접장","Medium Impact","2026-11-10 ~ 2026-11-13","선발예정 170명; 면접 대상은 170명 초과 규모","추정/공개 규모","전국 경력 지원자의 수도권 이동과 다일 일정으로 원거리 숙박 수요가 예상된다.","https://www.mpm.go.kr/mpm/comm/newsPress/newsPressRelease/?boardId=bbs_0000000000000029&category=&cntId=4245&mode=view","","Confirmed","Exam(Junwon)"
"EXA-018","2026년 정기 제4회 해기사 국가자격시험","Exam","2026-11-14","2026-11-28","부산","","필기: 회차별 지역 공고 예정 / 면접: 부산·인천","Medium Impact","2026-11-14 ~ 2026-11-28","약 3,500명/회(해양수산부 2022년 정기 제2회 응시 예정 3,500여 명 기준; 2026 실제 인원 미공개)","추정/공개 규모","해양 종사자는 근무·거주지가 연안 전역에 분산되어 있고, 구술면접은 부산·인천 2곳으로 제한되며 필기와 다른 날짜에 다시 방문해야 해 숙박 연계 가능성이 높음.","https://lems.seaman.or.kr/Lems/LAExamSchedule/selectLAExamScheduleView.do","","Tentative","Exam(Junwon)"
"EXA-019","2026 국가공무원 7급 공채 제3차시험","Exam","2026-11-23","2026-11-26","","","수도권 인사혁신처 지정 면접장(추후 세부 공고)","Medium Impact","2026-11-23 ~ 2026-11-26","선발예정 668명; 면접 대상은 668명 초과 규모","추정/공개 규모","전국 필기 합격자가 수도권에 집결하는 다일 면접으로 숙박 연계성이 높다.","https://www.mpm.go.kr/mpm/etc/monthlySchedule/","","Confirmed","Exam(Junwon)"
"EXA-020","2026 전국 지역인재 9급 수습직원 면접시험","Exam","2026-12-02","2026-12-04","","","수도권 인사혁신처 지정 면접장(11월 세부 공고 예정)","Medium Impact","2026-12-02 ~ 2026-12-04","선발예정 260명; 면접 대상은 260명 초과 규모","추정/공개 규모","전국 고교 추천자가 수도권 면접장으로 이동하는 다일 일정이라 숙박 수요 잠재력이 있다.","https://www.mpm.go.kr/mpm/etc/monthlySchedule/","","Confirmed","Exam(Junwon)"
"GOV-001","제30회 부산바다축제","Government Event","2026-08-07","2026-08-13","부산","","부산","","2026-08-07 ~ 2026-08-13","","추정/공개 규모","여름 대표 해변 축제로 실제 숙박 수요 연계 가능성이 높음","https://festivalbusan.com/seafestival/","","Confirmed","Government Event(Heajung)"
"GOV-002","통영한산대첩축제","Government Event","2026-08-12","2026-08-16","통영","","통영","High Impact","2026-08-12 ~ 2026-08-16","약 30만 명","추정/공개 규모","지역 대표급 축제 성격으로 통영 체류 수요 유발 가능성 높음","https://www.hansanf.org/intro/info.php","","Confirmed","Government Event(Heajung)"
"GOV-003","수원화성문화제","Government Event","2026-10-04","2026-10-11","수원","","수원","High Impact","2026-10-04 ~ 2026-10-11","","추정/공개 규모","장기간 운영되는 대형 지역축제로 연휴/주말 체류 수요 가능","https://shfestival.com/index","","Confirmed","Government Event(Heajung)"
"GOV-004","신라문화제","Government Event","2026-10-09","2026-10-11","경주","","경주","","2026-10-09 ~ 2026-10-11","","추정/공개 규모","경주 목적지형 수요와 연결되기 쉬운 대표 행사","https://uapress.kr/event/gyeongju-silla-culture-festival/","","Confirmed","Government Event(Heajung)"
"GOV-005","2026년 섬 방문의 해 숙박지원 사업","Government Event","","","","","","High Impact","","","추정/공개 규모","정부지원형 체류 촉진 사업: 1박 이상 섬 여행 시 최대 10만 원 지원","https://www.mois.go.kr/frt/bbs/type010/commonSelectBoardArticle.do?bbsId=BBSMSTR_000000000008&nttId=126892","","Confirmed","Government Event(Heajung)"
"GOV-006","2026 여수세계섬박람회","Government Event","2026-09-05","2026-11-04","여수","","여수","","2026-09-05 ~ 2026-11-04","30개국 참여 / 200만 명 관람객 (예상)","추정/공개 규모","정부의 섬 관광 활성화 및 숙박지원 정책과 연계 가능 / 박람회 기간 체류 수요 확대 예상","https://biz.chosun.com/topics/topics_social/2026/07/31/3BVHQLUATVCJ5LXHAOBRG2SGNU/?utm_source=naver&utm_medium=original&utm_campaign=biz","","Confirmed","Government Event(Heajung)"
"GOV-007","지역사랑 휴가지원(반값여행) 시범사업","Government Event","","","","","","","","인구감소지역 20개 지자체 대상 / 여행경비 50% 환급 취지","추정/공개 규모","정부지원형 여행비 환급 사업 / 인구감소지역 체류 수요 유발 가능 / 세부 지자체별 운영 일정은 추가 확인 필요","https://korean.visitkorea.or.kr/dgtourcard/tour50.do","","Tentative","Government Event(Heajung)"
"GOV-008","2026 대한민국 반값여행 - 거창","Government Event","2026-07-14","2026-08-31","","","","","2026-07-14 ~ 2026-08-31","","추정/공개 규모","정부지원형 체류 촉진 사업 / 여행경비 50% 지역화폐 환급 / 숙박 수요 전환 가능","https://korean.visitkorea.or.kr/dgtourcard/tour50.do","","Confirmed","Government Event(Heajung)"
"GOV-009","2026 대한민국 반값여행 - 영광","Government Event","2026-08-01","2026-08-31","","","","","2026-08-01 ~ 2026-08-31","","추정/공개 규모","정부지원형 체류 촉진 사업 / 여행경비 50% 지역화폐 환급 / 8월 체류 수요 유입 기대","https://korean.visitkorea.or.kr/dgtourcard/tour50.do","","Confirmed","Government Event(Heajung)"
"GOV-010","2026 대한민국 반값여행 - 합천","Government Event","2026-07-28","2026-08-09","","","","","2026-07-28 ~ 2026-08-09","","추정/공개 규모","정부지원형 체류 촉진 사업 /  단기 집중 수요 가능","https://korean.visitkorea.or.kr/dgtourcard/tour50.do","","Confirmed","Government Event(Heajung)"
"GOV-011","2026 대한민국 반값여행 - 영암","Government Event","2026-08-01","2026-08-31","","","","","2026-08-01 ~ 2026-08-31","","추정/공개 규모","정부지원형 체류 촉진 사업 / 지역화폐 환급","https://korean.visitkorea.or.kr/dgtourcard/tour50.do","","Confirmed","Government Event(Heajung)"
"GOV-012","2026 대한민국 반값여행 - 횡성","Government Event","2026-08-01","2026-09-30","횡성","","횡성","","2026-08-01 ~ 2026-09-30","","추정/공개 규모","정부지원형 체류 촉진 사업 / 9월까지 이어지는 장기 일정","https://korean.visitkorea.or.kr/dgtourcard/tour50.do","","Confirmed","Government Event(Heajung)"
"GOV-013","2026 대한민국 반값여행 - 완도","Government Event","2026-08-01","2026-08-30","","","","","2026-08-01 ~ 2026-08-30","","추정/공개 규모","정부지원형 체류 촉진 사업 / 섬·해양 목적지 체류 수요 유도 가능","https://korean.visitkorea.or.kr/dgtourcard/tour50.do","","Confirmed","Government Event(Heajung)"
"GLO-001","신정","Global Public Holiday","2026-01-01","2026-01-01","한국","","한국","Medium Impact","2026-01-01","","추정/공개 규모","한국 공휴일","https://shipdago.com/ko/holidays","","Past","Global Public Holiday(Youri)"
"GLO-002","설날 연휴","Global Public Holiday","2026-02-16","2026-02-18","한국","","한국","High Impact","2026-02-16 ~ 2026-02-18","","추정/공개 규모","한국 공휴일","https://shipdago.com/ko/holidays","","Past","Global Public Holiday(Youri)"
"GLO-003","삼일절","Global Public Holiday","2026-03-01","2026-03-01","한국","","한국","Medium Impact","2026-03-01","","추정/공개 규모","한국 공휴일","https://shipdago.com/ko/holidays","","Past","Global Public Holiday(Youri)"
"GLO-004","어린이날","Global Public Holiday","2026-05-05","2026-05-05","한국","","한국","Medium Impact","2026-05-05","","추정/공개 규모","한국 공휴일","https://shipdago.com/ko/holidays","","Past","Global Public Holiday(Youri)"
"GLO-005","부처님오신날","Global Public Holiday","2026-05-24","2026-05-24","한국","","한국","Medium Impact","2026-05-24","","추정/공개 규모","한국 공휴일","https://shipdago.com/ko/holidays","","Past","Global Public Holiday(Youri)"
"GLO-006","현충일","Global Public Holiday","2026-06-06","2026-06-06","한국","","한국","Medium Impact","2026-06-06","","추정/공개 규모","한국 공휴일","https://shipdago.com/ko/holidays","","Past","Global Public Holiday(Youri)"
"GLO-007","광복절","Global Public Holiday","2026-08-15","2026-08-15","한국","","한국","Medium Impact","2026-08-15","","추정/공개 규모","한국 공휴일","https://shipdago.com/ko/holidays","","Confirmed","Global Public Holiday(Youri)"
"GLO-008","추석 연휴","Global Public Holiday","2026-09-24","2026-09-26","한국","","한국","High Impact","2026-09-24 ~ 2026-09-26","","추정/공개 규모","한국 공휴일","https://shipdago.com/ko/holidays","","Confirmed","Global Public Holiday(Youri)"
"GLO-009","개천절","Global Public Holiday","2026-10-03","2026-10-03","한국","","한국","Medium Impact","2026-10-03","","추정/공개 규모","한국 공휴일","https://shipdago.com/ko/holidays","","Confirmed","Global Public Holiday(Youri)"
"GLO-010","한글날","Global Public Holiday","2026-10-09","2026-10-09","한국","","한국","Medium Impact","2026-10-09","","추정/공개 규모","한국 공휴일","https://shipdago.com/ko/holidays","","Confirmed","Global Public Holiday(Youri)"
"GLO-011","크리스마스","Global Public Holiday","2026-12-25","2026-12-25","한국","","한국","Medium Impact","2026-12-25","","추정/공개 규모","한국 공휴일","https://shipdago.com/ko/holidays","","Confirmed","Global Public Holiday(Youri)"
"GLO-012","신정","Global Public Holiday","2026-01-01","2026-01-01","중국","","중국","","2026-01-01","","추정/공개 규모","중국 공휴일","https://shipdago.com/ko/holidays","","Past","Global Public Holiday(Youri)"
"GLO-013","춘절","Global Public Holiday","2026-02-16","2026-02-22","중국","","중국","","2026-02-16 ~ 2026-02-22","","추정/공개 규모","중국 공휴일","https://shipdago.com/ko/holidays","","Past","Global Public Holiday(Youri)"
"GLO-014","청명절","Global Public Holiday","2026-04-05","2026-04-05","중국","","중국","","2026-04-05","","추정/공개 규모","중국 공휴일","https://shipdago.com/ko/holidays","","Past","Global Public Holiday(Youri)"
"GLO-015","노동절","Global Public Holiday","2026-05-01","2026-05-01","중국","","중국","","2026-05-01","","추정/공개 규모","중국 공휴일","https://shipdago.com/ko/holidays","","Past","Global Public Holiday(Youri)"
"GLO-016","단오절","Global Public Holiday","2026-06-19","2026-06-19","중국","","중국","","2026-06-19","","추정/공개 규모","중국 공휴일","https://shipdago.com/ko/holidays","","Past","Global Public Holiday(Youri)"
"GLO-017","중추절","Global Public Holiday","2026-09-25","2026-09-25","중국","","중국","","2026-09-25","","추정/공개 규모","중국 공휴일","https://shipdago.com/ko/holidays","","Confirmed","Global Public Holiday(Youri)"
"GLO-018","국경절","Global Public Holiday","2026-10-01","2026-10-03","중국","","중국","","2026-10-01 ~ 2026-10-03","","추정/공개 규모","중국 공휴일","https://shipdago.com/ko/holidays","","Confirmed","Global Public Holiday(Youri)"
"GLO-019","신정","Global Public Holiday","2026-01-01","2026-01-01","일본","","일본","","2026-01-01","","추정/공개 규모","일본 공휴일","https://shipdago.com/ko/holidays","","Past","Global Public Holiday(Youri)"
"GLO-020","성인의 날","Global Public Holiday","2026-01-12","2026-01-12","일본","","일본","","2026-01-12","","추정/공개 규모","일본 공휴일","https://shipdago.com/ko/holidays","","Past","Global Public Holiday(Youri)"
"GLO-021","건국기념일","Global Public Holiday","2026-02-11","2026-02-11","일본","","일본","","2026-02-11","","추정/공개 규모","일본 공휴일","https://shipdago.com/ko/holidays","","Past","Global Public Holiday(Youri)"
"GLO-022","천황 생일","Global Public Holiday","2026-02-23","2026-02-23","일본","","일본","","2026-02-23","","추정/공개 규모","일본 공휴일","https://shipdago.com/ko/holidays","","Past","Global Public Holiday(Youri)"
"GLO-023","춘분의 날","Global Public Holiday","2026-03-20","2026-03-20","일본","","일본","","2026-03-20","","추정/공개 규모","일본 공휴일","https://shipdago.com/ko/holidays","","Past","Global Public Holiday(Youri)"
"GLO-024","쇼와의 날","Global Public Holiday","2026-04-29","2026-04-29","일본","","일본","","2026-04-29","","추정/공개 규모","일본 공휴일","https://shipdago.com/ko/holidays","","Past","Global Public Holiday(Youri)"
"GLO-025","헌법기념일","Global Public Holiday","2026-05-03","2026-05-03","일본","","일본","","2026-05-03","","추정/공개 규모","일본 공휴일","https://shipdago.com/ko/holidays","","Past","Global Public Holiday(Youri)"
"GLO-026","녹색의 날","Global Public Holiday","2026-05-04","2026-05-04","일본","","일본","","2026-05-04","","추정/공개 규모","일본 공휴일","https://shipdago.com/ko/holidays","","Past","Global Public Holiday(Youri)"
"GLO-027","어린이날","Global Public Holiday","2026-05-05","2026-05-05","일본","","일본","","2026-05-05","","추정/공개 규모","일본 공휴일","https://shipdago.com/ko/holidays","","Past","Global Public Holiday(Youri)"
"GLO-028","바다의 날","Global Public Holiday","2026-07-20","2026-07-20","일본","","일본","","2026-07-20","","추정/공개 규모","일본 공휴일","https://shipdago.com/ko/holidays","","Past","Global Public Holiday(Youri)"
"GLO-029","산의 날","Global Public Holiday","2026-08-11","2026-08-11","일본","","일본","","2026-08-11","","추정/공개 규모","일본 공휴일","https://shipdago.com/ko/holidays","","Confirmed","Global Public Holiday(Youri)"
"GLO-030","경로의 날","Global Public Holiday","2026-09-21","2026-09-21","일본","","일본","","2026-09-21","","추정/공개 규모","일본 공휴일","https://shipdago.com/ko/holidays","","Confirmed","Global Public Holiday(Youri)"
"GLO-031","추분의 날","Global Public Holiday","2026-09-23","2026-09-23","일본","","일본","","2026-09-23","","추정/공개 규모","일본 공휴일","https://shipdago.com/ko/holidays","","Confirmed","Global Public Holiday(Youri)"
"GLO-032","스포츠의 날","Global Public Holiday","2026-10-12","2026-10-12","일본","","일본","","2026-10-12","","추정/공개 규모","일본 공휴일","https://shipdago.com/ko/holidays","","Confirmed","Global Public Holiday(Youri)"
"GLO-033","문화의 날","Global Public Holiday","2026-11-03","2026-11-03","일본","","일본","","2026-11-03","","추정/공개 규모","일본 공휴일","https://shipdago.com/ko/holidays","","Confirmed","Global Public Holiday(Youri)"
"GLO-034","근로감사의 날","Global Public Holiday","2026-11-23","2026-11-23","일본","","일본","","2026-11-23","","추정/공개 규모","일본 공휴일","https://shipdago.com/ko/holidays","","Confirmed","Global Public Holiday(Youri)"
"GLO-035","신정","Global Public Holiday","2026-01-01","2026-01-01","베트남","","베트남","","2026-01-01","","추정/공개 규모","베트남 공휴일","https://shipdago.com/ko/holidays","","Past","Global Public Holiday(Youri)"
"GLO-036","뗏(구정)","Global Public Holiday","2026-02-16","2026-02-20","베트남","","베트남","","2026-02-16 ~ 2026-02-20","","추정/공개 규모","베트남 공휴일","https://shipdago.com/ko/holidays","","Past","Global Public Holiday(Youri)"
"GLO-037","훙왕 제삿날","Global Public Holiday","2026-04-26","2026-04-26","베트남","","베트남","","2026-04-26","","추정/공개 규모","베트남 공휴일","https://shipdago.com/ko/holidays","","Past","Global Public Holiday(Youri)"
"GLO-038","통일의 날","Global Public Holiday","2026-04-30","2026-04-30","베트남","","베트남","","2026-04-30","","추정/공개 규모","베트남 공휴일","https://shipdago.com/ko/holidays","","Past","Global Public Holiday(Youri)"
"GLO-039","노동절","Global Public Holiday","2026-05-01","2026-05-01","베트남","","베트남","","2026-05-01","","추정/공개 규모","베트남 공휴일","https://shipdago.com/ko/holidays","","Past","Global Public Holiday(Youri)"
"GLO-040","국경절","Global Public Holiday","2026-09-02","2026-09-02","베트남","","베트남","","2026-09-02","","추정/공개 규모","베트남 공휴일","https://shipdago.com/ko/holidays","","Confirmed","Global Public Holiday(Youri)"
"GLO-041","신정","Global Public Holiday","2026-01-01","2026-01-01","태국","","태국","","2026-01-01","","추정/공개 규모","태국 공휴일","https://shipdago.com/ko/holidays","","Past","Global Public Holiday(Youri)"
"GLO-042","짜끄리의 날","Global Public Holiday","2026-04-06","2026-04-06","태국","","태국","","2026-04-06","","추정/공개 규모","태국 공휴일","https://shipdago.com/ko/holidays","","Past","Global Public Holiday(Youri)"
"GLO-043","송끄란","Global Public Holiday","2026-04-13","2026-04-15","태국","","태국","","2026-04-13 ~ 2026-04-15","","추정/공개 규모","태국 공휴일","https://shipdago.com/ko/holidays","","Past","Global Public Holiday(Youri)"
"GLO-044","노동절","Global Public Holiday","2026-05-01","2026-05-01","태국","","태국","","2026-05-01","","추정/공개 규모","태국 공휴일","https://shipdago.com/ko/holidays","","Past","Global Public Holiday(Youri)"
"GLO-045","마카부차","Global Public Holiday","2026-05-01","2026-05-01","태국","","태국","","2026-05-01","","추정/공개 규모","태국 공휴일","https://shipdago.com/ko/holidays","","Past","Global Public Holiday(Youri)"
"GLO-046","대관식 기념일","Global Public Holiday","2026-05-04","2026-05-04","태국","","태국","","2026-05-04","","추정/공개 규모","태국 공휴일","https://shipdago.com/ko/holidays","","Past","Global Public Holiday(Youri)"
"GLO-047","비사카부차","Global Public Holiday","2026-05-31","2026-05-31","태국","","태국","","2026-05-31","","추정/공개 규모","태국 공휴일","https://shipdago.com/ko/holidays","","Past","Global Public Holiday(Youri)"
"GLO-048","왕비 생일","Global Public Holiday","2026-06-03","2026-06-03","태국","","태국","","2026-06-03","","추정/공개 규모","태국 공휴일","https://shipdago.com/ko/holidays","","Past","Global Public Holiday(Youri)"
"GLO-049","국왕 생일","Global Public Holiday","2026-07-28","2026-07-28","태국","","태국","","2026-07-28","","추정/공개 규모","태국 공휴일","https://shipdago.com/ko/holidays","","Past","Global Public Holiday(Youri)"
"GLO-050","어머니날","Global Public Holiday","2026-08-12","2026-08-12","태국","","태국","","2026-08-12","","추정/공개 규모","태국 공휴일","https://shipdago.com/ko/holidays","","Confirmed","Global Public Holiday(Youri)"
"GLO-051","아살라부차","Global Public Holiday","2026-09-25","2026-09-25","태국","","태국","","2026-09-25","","추정/공개 규모","태국 공휴일","https://shipdago.com/ko/holidays","","Confirmed","Global Public Holiday(Youri)"
"GLO-052","라마9세 서거일","Global Public Holiday","2026-10-13","2026-10-13","태국","","태국","","2026-10-13","","추정/공개 규모","태국 공휴일","https://shipdago.com/ko/holidays","","Confirmed","Global Public Holiday(Youri)"
"GLO-053","출랄롱꼰 대왕일","Global Public Holiday","2026-10-23","2026-10-23","태국","","태국","","2026-10-23","","추정/공개 규모","태국 공휴일","https://shipdago.com/ko/holidays","","Confirmed","Global Public Holiday(Youri)"
"GLO-054","아버지날","Global Public Holiday","2026-12-05","2026-12-05","태국","","태국","","2026-12-05","","추정/공개 규모","태국 공휴일","https://shipdago.com/ko/holidays","","Confirmed","Global Public Holiday(Youri)"
"GLO-055","헌법의 날","Global Public Holiday","2026-12-10","2026-12-10","태국","","태국","","2026-12-10","","추정/공개 규모","태국 공휴일","https://shipdago.com/ko/holidays","","Confirmed","Global Public Holiday(Youri)"
"GLO-056","연말","Global Public Holiday","2026-12-31","2026-12-31","태국","","태국","","2026-12-31","","추정/공개 규모","태국 공휴일","https://shipdago.com/ko/holidays","","Confirmed","Global Public Holiday(Youri)"
"GLO-057","신정","Global Public Holiday","2026-01-01","2026-01-01","미국","","미국","","2026-01-01","","추정/공개 규모","미국 공휴일","https://shipdago.com/ko/holidays","","Past","Global Public Holiday(Youri)"
"GLO-058","마틴 루터 킹의 날","Global Public Holiday","2026-01-19","2026-01-19","미국","","미국","","2026-01-19","","추정/공개 규모","미국 공휴일","https://shipdago.com/ko/holidays","","Past","Global Public Holiday(Youri)"
"GLO-059","대통령의 날","Global Public Holiday","2026-02-16","2026-02-16","미국","","미국","","2026-02-16","","추정/공개 규모","미국 공휴일","https://shipdago.com/ko/holidays","","Past","Global Public Holiday(Youri)"
"GLO-060","현충일","Global Public Holiday","2026-05-25","2026-05-25","미국","","미국","","2026-05-25","","추정/공개 규모","미국 공휴일","https://shipdago.com/ko/holidays","","Past","Global Public Holiday(Youri)"
"GLO-061","준틴스","Global Public Holiday","2026-06-19","2026-06-19","미국","","미국","","2026-06-19","","추정/공개 규모","미국 공휴일","https://shipdago.com/ko/holidays","","Past","Global Public Holiday(Youri)"
"GLO-062","독립기념일","Global Public Holiday","2026-07-04","2026-07-04","미국","","미국","","2026-07-04","","추정/공개 규모","미국 공휴일","https://shipdago.com/ko/holidays","","Past","Global Public Holiday(Youri)"
"GLO-063","노동절","Global Public Holiday","2026-09-07","2026-09-07","미국","","미국","","2026-09-07","","추정/공개 규모","미국 공휴일","https://shipdago.com/ko/holidays","","Confirmed","Global Public Holiday(Youri)"
"GLO-064","콜럼버스의 날","Global Public Holiday","2026-10-12","2026-10-12","미국","","미국","","2026-10-12","","추정/공개 규모","미국 공휴일","https://shipdago.com/ko/holidays","","Confirmed","Global Public Holiday(Youri)"
"GLO-065","재향군인의 날","Global Public Holiday","2026-11-11","2026-11-11","미국","","미국","","2026-11-11","","추정/공개 규모","미국 공휴일","https://shipdago.com/ko/holidays","","Confirmed","Global Public Holiday(Youri)"
"GLO-066","추수감사절","Global Public Holiday","2026-11-26","2026-11-26","미국","","미국","","2026-11-26","","추정/공개 규모","미국 공휴일","https://shipdago.com/ko/holidays","","Confirmed","Global Public Holiday(Youri)"
"GLO-067","크리스마스","Global Public Holiday","2026-12-25","2026-12-25","미국","","미국","","2026-12-25","","추정/공개 규모","미국 공휴일","https://shipdago.com/ko/holidays","","Confirmed","Global Public Holiday(Youri)"
"GLO-068","독립기념일","Global Public Holiday","2026-01-04","2026-01-04","미국","","미국","","2026-01-04","","추정/공개 규모","미국 공휴일","https://shipdago.com/ko/holidays","","Past","Global Public Holiday(Youri)"
"GLO-069","주현절","Global Public Holiday","2026-01-06","2026-01-06","미국","","미국","","2026-01-06","","추정/공개 규모","미국 공휴일","https://shipdago.com/ko/holidays","","Past","Global Public Holiday(Youri)"
"GLO-070","승전기념일","Global Public Holiday","2026-01-07","2026-01-07","미국","","미국","","2026-01-07","","추정/공개 규모","미국 공휴일","https://shipdago.com/ko/holidays","","Past","Global Public Holiday(Youri)"
"GLO-071","정교회 성탄절","Global Public Holiday","2026-01-07","2026-01-07","미국","","미국","","2026-01-07","","추정/공개 규모","미국 공휴일","https://shipdago.com/ko/holidays","","Past","Global Public Holiday(Youri)"
"GLO-072","성인의 날","Global Public Holiday","2026-01-12","2026-01-12","미국","","미국","","2026-01-12","","추정/공개 규모","미국 공휴일","https://shipdago.com/ko/holidays","","Past","Global Public Holiday(Youri)"
"GLO-073","타밀 퐁갈","Global Public Holiday","2026-01-15","2026-01-15","미국","","미국","","2026-01-15","","추정/공개 규모","미국 공휴일","https://shipdago.com/ko/holidays","","Past","Global Public Holiday(Youri)"
"GLO-074","호주의 날","Global Public Holiday","2026-01-26","2026-01-26","미국","","미국","","2026-01-26","","추정/공개 규모","미국 공휴일","https://shipdago.com/ko/holidays","","Past","Global Public Holiday(Youri)"
"GLO-075","공화국의 날","Global Public Holiday","2026-01-26","2026-01-26","미국","","미국","","2026-01-26","","추정/공개 규모","미국 공휴일","https://shipdago.com/ko/holidays","","Past","Global Public Holiday(Youri)"
"GLO-076","성 브리짓의 날","Global Public Holiday","2026-02-01","2026-02-01","미국","","미국","","2026-02-01","","추정/공개 규모","미국 공휴일","https://shipdago.com/ko/holidays","","Past","Global Public Holiday(Youri)"
"GLO-077","연방 영토의 날","Global Public Holiday","2026-02-01","2026-02-01","미국","","미국","","2026-02-01","","추정/공개 규모","미국 공휴일","https://shipdago.com/ko/holidays","","Past","Global Public Holiday(Youri)"
"GLO-078","헌법의 날","Global Public Holiday","2026-02-02","2026-02-02","미국","","미국","","2026-02-02","","추정/공개 규모","미국 공휴일","https://shipdago.com/ko/holidays","","Past","Global Public Holiday(Youri)"
"GLO-079","독립기념일","Global Public Holiday","2026-02-04","2026-02-04","미국","","미국","","2026-02-04","","추정/공개 규모","미국 공휴일","https://shipdago.com/ko/holidays","","Past","Global Public Holiday(Youri)"
"GLO-080","와이탕이의 날","Global Public Holiday","2026-02-06","2026-02-06","미국","","미국","","2026-02-06","","추정/공개 규모","미국 공휴일","https://shipdago.com/ko/holidays","","Past","Global Public Holiday(Youri)"
"GLO-081","건국기념일","Global Public Holiday","2026-02-11","2026-02-11","미국","","미국","","2026-02-11","","추정/공개 규모","미국 공휴일","https://shipdago.com/ko/holidays","","Past","Global Public Holiday(Youri)"
